{"val_loss": [0.30906808402389285, 1.4553692685158994, 1.4553692685158994, 1.4553692685158994, 1.4553692685158994, 1.4553692685158994, 1.4553692685158994, 1.4553692685158994, 1.4553692685158994, 1.4553692685158994, 1.4553692685158994, 1.4553692685158994, 1.4553692685158994, 1.4553692685158994, 1.4553692685158994, 1.4553692685158994, 1.4553692685158994, 1.4553692685158994, 1.4553692685158994, 1.4553692685158994, 1.4553692685158994, 1.4553692685158994, 1.4553692685158994, 1.4553692685158994, 1.4553692685158994, 1.4553692685158994, 1.4553692685158994, 1.4553692685158994, 1.4553692685158994, 1.4553692685158994, 1.4553692685158994, 1.4553692685158994, 1.4553692685158994, 1.4553692685158994, 1.4553692685158994, 1.4553692685158994, 1.4553692685158994, 1.4553692685158994, 1.4553692685158994, 1.4553692685158994, 1.4553692685158994, 1.4553692685158994, 1.4553692685158994, 1.4553692685158994], "val_acc": [0.90970588773489, 0.90970588773489, 0.90970588773489, 0.90970588773489, 0.90970588773489, 0.90970588773489, 0.90970588773489, 0.90970588773489, 0.90970588773489, 0.90970588773489, 0.90970588773489, 0.90970588773489, 0.90970588773489, 0.90970588773489, 0.90970588773489, 0.90970588773489, 0.90970588773489, 0.90970588773489, 0.90970588773489, 0.90970588773489, 0.90970588773489, 0.90970588773489, 0.90970588773489, 0.90970588773489, 0.90970588773489, 0.90970588773489, 0.90970588773489, 0.90970588773489, 0.90970588773489, 0.90970588773489, 0.90970588773489, 0.90970588773489, 0.90970588773489, 0.90970588773489, 0.90970588773489, 0.90970588773489, 0.90970588773489, 0.90970588773489, 0.90970588773489, 0.90970588773489, 0.90970588773489, 0.90970588773489, 0.90970588773489, 0.90970588773489], "loss": [0.3299587391204992, 1.4014026665920005, 1.4097252647512568, 1.4097252647512568, 1.4097252647512568, 1.4097252647512568, 1.4097252647512568, 1.4097252647512568, 1.4097252647512568, 1.4097252647512568, 1.4097252647512568, 1.4097252647512568, 1.4097252647512568, 1.4097252647512568, 1.4097252647512568, 1.4097252647512568, 1.4097252647512568, 1.4097252647512568, 1.4097252647512568, 1.4097252647512568, 1.4097252647512568, 1.4097252647512568, 1.4097252647512568, 1.4097252647512568, 1.4097252647512568, 1.4097252647512568, 1.4097252647512568, 1.4097252647512568, 1.4097252647512568, 1.4097252647512568, 1.4097252647512568, 1.4097252647512568, 1.4097252647512568, 1.4097252647512568, 1.4097252647512568, 1.4097252647512568, 1.4097252647512568, 1.4097252647512568, 1.4097252647512568, 1.4097252647512568, 1.4097252647512568, 1.4097252647512568, 1.4097252647512568, 1.4097252647512568], "acc": [0.9085621787549856, 0.9104763359689295, 0.912537736200421, 0.912537736200421, 0.912537736200421, 0.912537736200421, 0.912537736200421, 0.912537736200421, 0.912537736200421, 0.912537736200421, 0.912537736200421, 0.912537736200421, 0.912537736200421, 0.912537736200421, 0.912537736200421, 0.912537736200421, 0.912537736200421, 0.912537736200421, 0.912537736200421, 0.912537736200421, 0.912537736200421, 0.912537736200421, 0.912537736200421, 0.912537736200421, 0.912537736200421, 0.912537736200421, 0.912537736200421, 0.912537736200421, 0.912537736200421, 0.912537736200421, 0.912537736200421, 0.912537736200421, 0.912537736200421, 0.912537736200421, 0.912537736200421, 0.912537736200421, 0.912537736200421, 0.912537736200421, 0.912537736200421, 0.912537736200421, 0.912537736200421, 0.912537736200421, 0.912537736200421, 0.912537736200421]}