{"val_loss": [0.3223106171190739, 0.31794633276760575, 0.3159732996672392, 0.3142309857904911, 0.31320377372205255, 0.3112485656142235, 0.3096001210808754, 0.30834754191339014, 0.3079427719861269, 0.3068585205078125, 0.30635400742292407, 0.3061113616079092, 0.3063005917519331, 0.305952268242836, 0.30551550813019274, 0.3048648224025965, 0.3046733213961124, 0.3051765988022089, 0.3043441228568554, 0.3042966754734516], "val_acc": [0.90970588773489, 0.90970588773489, 0.90970588773489, 0.90970588773489, 0.90970588773489, 0.90970588773489, 0.90970588773489, 0.90970588773489, 0.90970588773489, 0.90970588773489, 0.90970588773489, 0.90970588773489, 0.90970588773489, 0.90970588773489, 0.90970588773489, 0.90970588773489, 0.90970588773489, 0.90970588773489, 0.90970588773489, 0.90970588773489], "val_recall": [0.0, 0.0, 0.0, 0.0, 0.0, 0.0, 0.0, 0.0, 0.0, 0.0, 0.0, 0.0, 0.0, 0.0, 0.0, 0.0, 0.0, 0.0, 0.0, 0.0], "val_precision": [0.0, 0.0, 0.0, 0.0, 0.0, 0.0, 0.0, 0.0, 0.0, 0.0, 0.0, 0.0, 0.0, 0.0, 0.0, 0.0, 0.0, 0.0, 0.0, 0.0], "loss": [0.3152153674974683, 0.30438085391800457, 0.30360350185755797, 0.30310086396351477, 0.3024985396929169, 0.30197931315577375, 0.30162402365510543, 0.30125919100507925, 0.30084108230244083, 0.30072972357030653, 0.3002862160342357, 0.3000953252402802, 0.29995994979005136, 0.29968847098465407, 0.2995857203027259, 0.29948270117143666, 0.29927919696881267, 0.29912159169029834, 0.29914401735508994, 0.2989568148969261], "acc": [0.9082676930182866, 0.912537736200421, 0.912537736200421, 0.912537736200421, 0.912537736200421, 0.912537736200421, 0.912537736200421, 0.912537736200421, 0.912537736200421, 0.912537736200421, 0.912537736200421, 0.912537736200421, 0.912537736200421, 0.912537736200421, 0.912537736200421, 0.912537736200421, 0.912537736200421, 0.912537736200421, 0.912537736200421, 0.912537736200421], "recall": [0.0006257822277847309, 0.0, 0.0, 0.0, 0.0, 0.0, 0.0, 0.0, 0.0, 0.0, 0.0, 0.0, 0.0, 0.0, 0.0, 0.0, 0.0, 0.0, 0.0, 0.0], "precision": [0.00041718816428966307, 0.0, 0.0, 0.0, 0.0, 0.0, 0.0, 0.0, 0.0, 0.0, 0.0, 0.0, 0.0, 0.0, 0.0, 0.0, 0.0, 0.0, 0.0, 0.0]}